-- phpMyAdmin SQL Dump
-- version 4.6.5.2
-- https://www.phpmyadmin.net/
--
-- Host: localhost:8889
-- Generation Time: May 14, 2017 at 02:22 PM
-- Server version: 5.6.35
-- PHP Version: 7.0.15

SET SQL_MODE = "NO_AUTO_VALUE_ON_ZERO";
SET time_zone = "+00:00";


/*!40101 SET @OLD_CHARACTER_SET_CLIENT=@@CHARACTER_SET_CLIENT */;
/*!40101 SET @OLD_CHARACTER_SET_RESULTS=@@CHARACTER_SET_RESULTS */;
/*!40101 SET @OLD_COLLATION_CONNECTION=@@COLLATION_CONNECTION */;
/*!40101 SET NAMES utf8mb4 */;

--
-- Database: `hetic_p2020_pokedex`
--

-- --------------------------------------------------------

--
-- Table structure for table `pokemons`
--

CREATE TABLE `pokemons` (
  `id` int(11) NOT NULL,
  `slug` varchar(60) NOT NULL,
  `name` varchar(60) NOT NULL,
  `height` int(11) NOT NULL,
  `weight` int(11) NOT NULL,
  `picture` varchar(255) NOT NULL
) ENGINE=InnoDB DEFAULT CHARSET=utf8;

--
-- Dumping data for table `pokemons`
--

INSERT INTO `pokemons` (`id`, `slug`, `name`, `height`, `weight`, `picture`) VALUES
(1, 'bulbasaur', 'Bulbasaur', 7, 69, '/pokemons/front/1.png'),
(2, 'ivysaur', 'Ivysaur', 10, 130, '/pokemons/front/2.png'),
(3, 'venusaur', 'Venusaur', 20, 1000, '/pokemons/front/3.png'),
(4, 'charmander', 'Charmander', 6, 85, '/pokemons/front/4.png'),
(5, 'charmeleon', 'Charmeleon', 11, 190, '/pokemons/front/5.png'),
(6, 'charizard', 'Charizard', 17, 905, '/pokemons/front/6.png'),
(7, 'squirtle', 'Squirtle', 5, 90, '/pokemons/front/7.png'),
(8, 'wartortle', 'Wartortle', 10, 225, '/pokemons/front/8.png'),
(9, 'blastoise', 'Blastoise', 16, 855, '/pokemons/front/9.png'),
(10, 'caterpie', 'Caterpie', 3, 29, '/pokemons/front/10.png'),
(11, 'metapod', 'Metapod', 7, 99, '/pokemons/front/11.png'),
(12, 'butterfree', 'Butterfree', 11, 320, '/pokemons/front/12.png'),
(13, 'weedle', 'Weedle', 3, 32, '/pokemons/front/13.png'),
(14, 'kakuna', 'Kakuna', 6, 100, '/pokemons/front/14.png'),
(15, 'beedrill', 'Beedrill', 10, 295, '/pokemons/front/15.png'),
(16, 'pidgey', 'Pidgey', 3, 18, '/pokemons/front/16.png'),
(17, 'pidgeotto', 'Pidgeotto', 11, 300, '/pokemons/front/17.png'),
(18, 'pidgeot', 'Pidgeot', 15, 395, '/pokemons/front/18.png'),
(19, 'rattata', 'Rattata', 3, 35, '/pokemons/front/19.png'),
(20, 'raticate', 'Raticate', 7, 185, '/pokemons/front/20.png'),
(21, 'spearow', 'Spearow', 3, 20, '/pokemons/front/21.png'),
(22, 'fearow', 'Fearow', 12, 380, '/pokemons/front/22.png'),
(23, 'ekans', 'Ekans', 20, 69, '/pokemons/front/23.png'),
(24, 'arbok', 'Arbok', 35, 650, '/pokemons/front/24.png'),
(25, 'pikachu', 'Pikachu', 4, 60, '/pokemons/front/25.png'),
(26, 'raichu', 'Raichu', 8, 300, '/pokemons/front/26.png'),
(27, 'sandshrew', 'Sandshrew', 6, 120, '/pokemons/front/27.png'),
(28, 'sandslash', 'Sandslash', 10, 295, '/pokemons/front/28.png'),
(29, 'nidoran-f', 'Nidoran F', 4, 70, '/pokemons/front/29.png'),
(30, 'nidorina', 'Nidorina', 8, 200, '/pokemons/front/30.png'),
(31, 'nidoqueen', 'Nidoqueen', 13, 600, '/pokemons/front/31.png'),
(32, 'nidoran-m', 'Nidoran M', 5, 90, '/pokemons/front/32.png'),
(33, 'nidorino', 'Nidorino', 9, 195, '/pokemons/front/33.png'),
(34, 'nidoking', 'Nidoking', 14, 620, '/pokemons/front/34.png'),
(35, 'clefairy', 'Clefairy', 6, 75, '/pokemons/front/35.png'),
(36, 'clefable', 'Clefable', 13, 400, '/pokemons/front/36.png'),
(37, 'vulpix', 'Vulpix', 6, 99, '/pokemons/front/37.png'),
(38, 'ninetales', 'Ninetales', 11, 199, '/pokemons/front/38.png'),
(39, 'jigglypuff', 'Jigglypuff', 5, 55, '/pokemons/front/39.png'),
(40, 'wigglytuff', 'Wigglytuff', 10, 120, '/pokemons/front/40.png'),
(41, 'zubat', 'Zubat', 8, 75, '/pokemons/front/41.png'),
(42, 'golbat', 'Golbat', 16, 550, '/pokemons/front/42.png'),
(43, 'oddish', 'Oddish', 5, 54, '/pokemons/front/43.png'),
(44, 'gloom', 'Gloom', 8, 86, '/pokemons/front/44.png'),
(45, 'vileplume', 'Vileplume', 12, 186, '/pokemons/front/45.png'),
(46, 'paras', 'Paras', 3, 54, '/pokemons/front/46.png'),
(47, 'parasect', 'Parasect', 10, 295, '/pokemons/front/47.png'),
(48, 'venonat', 'Venonat', 10, 300, '/pokemons/front/48.png'),
(49, 'venomoth', 'Venomoth', 15, 125, '/pokemons/front/49.png'),
(50, 'diglett', 'Diglett', 2, 8, '/pokemons/front/50.png'),
(51, 'dugtrio', 'Dugtrio', 7, 333, '/pokemons/front/51.png'),
(52, 'meowth', 'Meowth', 4, 42, '/pokemons/front/52.png'),
(53, 'persian', 'Persian', 10, 320, '/pokemons/front/53.png'),
(54, 'psyduck', 'Psyduck', 8, 196, '/pokemons/front/54.png'),
(55, 'golduck', 'Golduck', 17, 766, '/pokemons/front/55.png'),
(56, 'mankey', 'Mankey', 5, 280, '/pokemons/front/56.png'),
(57, 'primeape', 'Primeape', 10, 320, '/pokemons/front/57.png'),
(58, 'growlithe', 'Growlithe', 7, 190, '/pokemons/front/58.png'),
(59, 'arcanine', 'Arcanine', 19, 1550, '/pokemons/front/59.png'),
(60, 'poliwag', 'Poliwag', 6, 124, '/pokemons/front/60.png'),
(61, 'poliwhirl', 'Poliwhirl', 10, 200, '/pokemons/front/61.png'),
(62, 'poliwrath', 'Poliwrath', 13, 540, '/pokemons/front/62.png'),
(63, 'abra', 'Abra', 9, 195, '/pokemons/front/63.png'),
(64, 'kadabra', 'Kadabra', 13, 565, '/pokemons/front/64.png'),
(65, 'alakazam', 'Alakazam', 15, 480, '/pokemons/front/65.png'),
(66, 'machop', 'Machop', 8, 195, '/pokemons/front/66.png'),
(67, 'machoke', 'Machoke', 15, 705, '/pokemons/front/67.png'),
(68, 'machamp', 'Machamp', 16, 1300, '/pokemons/front/68.png'),
(69, 'bellsprout', 'Bellsprout', 7, 40, '/pokemons/front/69.png'),
(70, 'weepinbell', 'Weepinbell', 10, 64, '/pokemons/front/70.png'),
(71, 'victreebel', 'Victreebel', 17, 155, '/pokemons/front/71.png'),
(72, 'tentacool', 'Tentacool', 9, 455, '/pokemons/front/72.png'),
(73, 'tentacruel', 'Tentacruel', 16, 550, '/pokemons/front/73.png'),
(74, 'geodude', 'Geodude', 4, 200, '/pokemons/front/74.png'),
(75, 'graveler', 'Graveler', 10, 1050, '/pokemons/front/75.png'),
(76, 'golem', 'Golem', 14, 3000, '/pokemons/front/76.png'),
(77, 'ponyta', 'Ponyta', 10, 300, '/pokemons/front/77.png'),
(78, 'rapidash', 'Rapidash', 17, 950, '/pokemons/front/78.png'),
(79, 'slowpoke', 'Slowpoke', 12, 360, '/pokemons/front/79.png'),
(80, 'slowbro', 'Slowbro', 16, 785, '/pokemons/front/80.png'),
(81, 'magnemite', 'Magnemite', 3, 60, '/pokemons/front/81.png'),
(82, 'magneton', 'Magneton', 10, 600, '/pokemons/front/82.png'),
(83, 'farfetchd', 'Farfetchd', 8, 150, '/pokemons/front/83.png'),
(84, 'doduo', 'Doduo', 14, 392, '/pokemons/front/84.png'),
(85, 'dodrio', 'Dodrio', 18, 852, '/pokemons/front/85.png'),
(86, 'seel', 'Seel', 11, 900, '/pokemons/front/86.png'),
(87, 'dewgong', 'Dewgong', 17, 1200, '/pokemons/front/87.png'),
(88, 'grimer', 'Grimer', 9, 300, '/pokemons/front/88.png'),
(89, 'muk', 'Muk', 12, 300, '/pokemons/front/89.png'),
(90, 'shellder', 'Shellder', 3, 40, '/pokemons/front/90.png'),
(91, 'cloyster', 'Cloyster', 15, 1325, '/pokemons/front/91.png'),
(92, 'gastly', 'Gastly', 13, 1, '/pokemons/front/92.png'),
(93, 'haunter', 'Haunter', 16, 1, '/pokemons/front/93.png'),
(94, 'gengar', 'Gengar', 15, 405, '/pokemons/front/94.png'),
(95, 'onix', 'Onix', 88, 2100, '/pokemons/front/95.png'),
(96, 'drowzee', 'Drowzee', 10, 324, '/pokemons/front/96.png'),
(97, 'hypno', 'Hypno', 16, 756, '/pokemons/front/97.png'),
(98, 'krabby', 'Krabby', 4, 65, '/pokemons/front/98.png'),
(99, 'kingler', 'Kingler', 13, 600, '/pokemons/front/99.png'),
(100, 'voltorb', 'Voltorb', 5, 104, '/pokemons/front/100.png'),
(101, 'electrode', 'Electrode', 12, 666, '/pokemons/front/101.png'),
(102, 'exeggcute', 'Exeggcute', 4, 25, '/pokemons/front/102.png'),
(103, 'exeggutor', 'Exeggutor', 20, 1200, '/pokemons/front/103.png'),
(104, 'cubone', 'Cubone', 4, 65, '/pokemons/front/104.png'),
(105, 'marowak', 'Marowak', 10, 450, '/pokemons/front/105.png'),
(106, 'hitmonlee', 'Hitmonlee', 15, 498, '/pokemons/front/106.png'),
(107, 'hitmonchan', 'Hitmonchan', 14, 502, '/pokemons/front/107.png'),
(108, 'lickitung', 'Lickitung', 12, 655, '/pokemons/front/108.png'),
(109, 'koffing', 'Koffing', 6, 10, '/pokemons/front/109.png'),
(110, 'weezing', 'Weezing', 12, 95, '/pokemons/front/110.png'),
(111, 'rhyhorn', 'Rhyhorn', 10, 1150, '/pokemons/front/111.png'),
(112, 'rhydon', 'Rhydon', 19, 1200, '/pokemons/front/112.png'),
(113, 'chansey', 'Chansey', 11, 346, '/pokemons/front/113.png'),
(114, 'tangela', 'Tangela', 10, 350, '/pokemons/front/114.png'),
(115, 'kangaskhan', 'Kangaskhan', 22, 800, '/pokemons/front/115.png'),
(116, 'horsea', 'Horsea', 4, 80, '/pokemons/front/116.png'),
(117, 'seadra', 'Seadra', 12, 250, '/pokemons/front/117.png'),
(118, 'goldeen', 'Goldeen', 6, 150, '/pokemons/front/118.png'),
(119, 'seaking', 'Seaking', 13, 390, '/pokemons/front/119.png'),
(120, 'staryu', 'Staryu', 8, 345, '/pokemons/front/120.png'),
(121, 'starmie', 'Starmie', 11, 800, '/pokemons/front/121.png'),
(122, 'mr-mime', 'Mr Mime', 13, 545, '/pokemons/front/122.png'),
(123, 'scyther', 'Scyther', 15, 560, '/pokemons/front/123.png'),
(124, 'jynx', 'Jynx', 14, 406, '/pokemons/front/124.png'),
(125, 'electabuzz', 'Electabuzz', 11, 300, '/pokemons/front/125.png'),
(126, 'magmar', 'Magmar', 13, 445, '/pokemons/front/126.png'),
(127, 'pinsir', 'Pinsir', 15, 550, '/pokemons/front/127.png'),
(128, 'tauros', 'Tauros', 14, 884, '/pokemons/front/128.png'),
(129, 'magikarp', 'Magikarp', 9, 100, '/pokemons/front/129.png'),
(130, 'gyarados', 'Gyarados', 65, 2350, '/pokemons/front/130.png'),
(131, 'lapras', 'Lapras', 25, 2200, '/pokemons/front/131.png'),
(132, 'ditto', 'Ditto', 3, 40, '/pokemons/front/132.png'),
(133, 'eevee', 'Eevee', 3, 65, '/pokemons/front/133.png'),
(134, 'vaporeon', 'Vaporeon', 10, 290, '/pokemons/front/134.png'),
(135, 'jolteon', 'Jolteon', 8, 245, '/pokemons/front/135.png'),
(136, 'flareon', 'Flareon', 9, 250, '/pokemons/front/136.png'),
(137, 'porygon', 'Porygon', 8, 365, '/pokemons/front/137.png'),
(138, 'omanyte', 'Omanyte', 4, 75, '/pokemons/front/138.png'),
(139, 'omastar', 'Omastar', 10, 350, '/pokemons/front/139.png'),
(140, 'kabuto', 'Kabuto', 5, 115, '/pokemons/front/140.png'),
(141, 'kabutops', 'Kabutops', 13, 405, '/pokemons/front/141.png'),
(142, 'aerodactyl', 'Aerodactyl', 18, 590, '/pokemons/front/142.png'),
(143, 'snorlax', 'Snorlax', 21, 4600, '/pokemons/front/143.png'),
(144, 'articuno', 'Articuno', 17, 554, '/pokemons/front/144.png'),
(145, 'zapdos', 'Zapdos', 16, 526, '/pokemons/front/145.png'),
(146, 'moltres', 'Moltres', 20, 600, '/pokemons/front/146.png'),
(147, 'dratini', 'Dratini', 18, 33, '/pokemons/front/147.png'),
(148, 'dragonair', 'Dragonair', 40, 165, '/pokemons/front/148.png'),
(149, 'dragonite', 'Dragonite', 22, 2100, '/pokemons/front/149.png'),
(150, 'mewtwo', 'Mewtwo', 20, 1220, '/pokemons/front/150.png'),
(151, 'mew', 'Mew', 4, 40, '/pokemons/front/151.png'),
(152, 'chikorita', 'Chikorita', 9, 64, '/pokemons/front/152.png'),
(153, 'bayleef', 'Bayleef', 12, 158, '/pokemons/front/153.png'),
(154, 'meganium', 'Meganium', 18, 1005, '/pokemons/front/154.png'),
(155, 'cyndaquil', 'Cyndaquil', 5, 79, '/pokemons/front/155.png'),
(156, 'quilava', 'Quilava', 9, 190, '/pokemons/front/156.png'),
(157, 'typhlosion', 'Typhlosion', 17, 795, '/pokemons/front/157.png'),
(158, 'totodile', 'Totodile', 6, 95, '/pokemons/front/158.png'),
(159, 'croconaw', 'Croconaw', 11, 250, '/pokemons/front/159.png'),
(160, 'feraligatr', 'Feraligatr', 23, 888, '/pokemons/front/160.png'),
(161, 'sentret', 'Sentret', 8, 60, '/pokemons/front/161.png'),
(162, 'furret', 'Furret', 18, 325, '/pokemons/front/162.png'),
(163, 'hoothoot', 'Hoothoot', 7, 212, '/pokemons/front/163.png'),
(164, 'noctowl', 'Noctowl', 16, 408, '/pokemons/front/164.png'),
(165, 'ledyba', 'Ledyba', 10, 108, '/pokemons/front/165.png'),
(166, 'ledian', 'Ledian', 14, 356, '/pokemons/front/166.png'),
(167, 'spinarak', 'Spinarak', 5, 85, '/pokemons/front/167.png'),
(168, 'ariados', 'Ariados', 11, 335, '/pokemons/front/168.png'),
(169, 'crobat', 'Crobat', 18, 750, '/pokemons/front/169.png'),
(170, 'chinchou', 'Chinchou', 5, 120, '/pokemons/front/170.png'),
(171, 'lanturn', 'Lanturn', 12, 225, '/pokemons/front/171.png'),
(172, 'pichu', 'Pichu', 3, 20, '/pokemons/front/172.png'),
(173, 'cleffa', 'Cleffa', 3, 30, '/pokemons/front/173.png'),
(174, 'igglybuff', 'Igglybuff', 3, 10, '/pokemons/front/174.png'),
(175, 'togepi', 'Togepi', 3, 15, '/pokemons/front/175.png'),
(176, 'togetic', 'Togetic', 6, 32, '/pokemons/front/176.png'),
(177, 'natu', 'Natu', 2, 20, '/pokemons/front/177.png'),
(178, 'xatu', 'Xatu', 15, 150, '/pokemons/front/178.png'),
(179, 'mareep', 'Mareep', 6, 78, '/pokemons/front/179.png'),
(180, 'flaaffy', 'Flaaffy', 8, 133, '/pokemons/front/180.png'),
(181, 'ampharos', 'Ampharos', 14, 615, '/pokemons/front/181.png'),
(182, 'bellossom', 'Bellossom', 4, 58, '/pokemons/front/182.png'),
(183, 'marill', 'Marill', 4, 85, '/pokemons/front/183.png'),
(184, 'azumarill', 'Azumarill', 8, 285, '/pokemons/front/184.png'),
(185, 'sudowoodo', 'Sudowoodo', 12, 380, '/pokemons/front/185.png'),
(186, 'politoed', 'Politoed', 11, 339, '/pokemons/front/186.png'),
(187, 'hoppip', 'Hoppip', 4, 5, '/pokemons/front/187.png'),
(188, 'skiploom', 'Skiploom', 6, 10, '/pokemons/front/188.png'),
(189, 'jumpluff', 'Jumpluff', 8, 30, '/pokemons/front/189.png'),
(190, 'aipom', 'Aipom', 8, 115, '/pokemons/front/190.png'),
(191, 'sunkern', 'Sunkern', 3, 18, '/pokemons/front/191.png'),
(192, 'sunflora', 'Sunflora', 8, 85, '/pokemons/front/192.png'),
(193, 'yanma', 'Yanma', 12, 380, '/pokemons/front/193.png'),
(194, 'wooper', 'Wooper', 4, 85, '/pokemons/front/194.png'),
(195, 'quagsire', 'Quagsire', 14, 750, '/pokemons/front/195.png'),
(196, 'espeon', 'Espeon', 9, 265, '/pokemons/front/196.png'),
(197, 'umbreon', 'Umbreon', 10, 270, '/pokemons/front/197.png'),
(198, 'murkrow', 'Murkrow', 5, 21, '/pokemons/front/198.png'),
(199, 'slowking', 'Slowking', 20, 795, '/pokemons/front/199.png'),
(200, 'misdreavus', 'Misdreavus', 7, 10, '/pokemons/front/200.png'),
(201, 'unown', 'Unown', 5, 50, '/pokemons/front/201.png'),
(202, 'wobbuffet', 'Wobbuffet', 13, 285, '/pokemons/front/202.png'),
(203, 'girafarig', 'Girafarig', 15, 415, '/pokemons/front/203.png'),
(204, 'pineco', 'Pineco', 6, 72, '/pokemons/front/204.png'),
(205, 'forretress', 'Forretress', 12, 1258, '/pokemons/front/205.png'),
(206, 'dunsparce', 'Dunsparce', 15, 140, '/pokemons/front/206.png'),
(207, 'gligar', 'Gligar', 11, 648, '/pokemons/front/207.png'),
(208, 'steelix', 'Steelix', 92, 4000, '/pokemons/front/208.png'),
(209, 'snubbull', 'Snubbull', 6, 78, '/pokemons/front/209.png'),
(210, 'granbull', 'Granbull', 14, 487, '/pokemons/front/210.png'),
(211, 'qwilfish', 'Qwilfish', 5, 39, '/pokemons/front/211.png'),
(212, 'scizor', 'Scizor', 18, 1180, '/pokemons/front/212.png'),
(213, 'shuckle', 'Shuckle', 6, 205, '/pokemons/front/213.png'),
(214, 'heracross', 'Heracross', 15, 540, '/pokemons/front/214.png'),
(215, 'sneasel', 'Sneasel', 9, 280, '/pokemons/front/215.png'),
(216, 'teddiursa', 'Teddiursa', 6, 88, '/pokemons/front/216.png'),
(217, 'ursaring', 'Ursaring', 18, 1258, '/pokemons/front/217.png'),
(218, 'slugma', 'Slugma', 7, 350, '/pokemons/front/218.png'),
(219, 'magcargo', 'Magcargo', 8, 550, '/pokemons/front/219.png'),
(220, 'swinub', 'Swinub', 4, 65, '/pokemons/front/220.png'),
(221, 'piloswine', 'Piloswine', 11, 558, '/pokemons/front/221.png'),
(222, 'corsola', 'Corsola', 6, 50, '/pokemons/front/222.png'),
(223, 'remoraid', 'Remoraid', 6, 120, '/pokemons/front/223.png'),
(224, 'octillery', 'Octillery', 9, 285, '/pokemons/front/224.png'),
(225, 'delibird', 'Delibird', 9, 160, '/pokemons/front/225.png'),
(226, 'mantine', 'Mantine', 21, 2200, '/pokemons/front/226.png'),
(227, 'skarmory', 'Skarmory', 17, 505, '/pokemons/front/227.png'),
(228, 'houndour', 'Houndour', 6, 108, '/pokemons/front/228.png'),
(229, 'houndoom', 'Houndoom', 14, 350, '/pokemons/front/229.png'),
(230, 'kingdra', 'Kingdra', 18, 1520, '/pokemons/front/230.png'),
(231, 'phanpy', 'Phanpy', 5, 335, '/pokemons/front/231.png'),
(232, 'donphan', 'Donphan', 11, 1200, '/pokemons/front/232.png'),
(233, 'porygon2', 'Porygon2', 6, 325, '/pokemons/front/233.png'),
(234, 'stantler', 'Stantler', 14, 712, '/pokemons/front/234.png'),
(235, 'smeargle', 'Smeargle', 12, 580, '/pokemons/front/235.png'),
(236, 'tyrogue', 'Tyrogue', 7, 210, '/pokemons/front/236.png'),
(237, 'hitmontop', 'Hitmontop', 14, 480, '/pokemons/front/237.png'),
(238, 'smoochum', 'Smoochum', 4, 60, '/pokemons/front/238.png'),
(239, 'elekid', 'Elekid', 6, 235, '/pokemons/front/239.png'),
(240, 'magby', 'Magby', 7, 214, '/pokemons/front/240.png'),
(241, 'miltank', 'Miltank', 12, 755, '/pokemons/front/241.png'),
(242, 'blissey', 'Blissey', 15, 468, '/pokemons/front/242.png'),
(243, 'raikou', 'Raikou', 19, 1780, '/pokemons/front/243.png'),
(244, 'entei', 'Entei', 21, 1980, '/pokemons/front/244.png'),
(245, 'suicune', 'Suicune', 20, 1870, '/pokemons/front/245.png'),
(246, 'larvitar', 'Larvitar', 6, 720, '/pokemons/front/246.png'),
(247, 'pupitar', 'Pupitar', 12, 1520, '/pokemons/front/247.png'),
(248, 'tyranitar', 'Tyranitar', 20, 2020, '/pokemons/front/248.png'),
(249, 'lugia', 'Lugia', 52, 2160, '/pokemons/front/249.png'),
(250, 'ho-oh', 'Ho Oh', 38, 1990, '/pokemons/front/250.png'),
(251, 'celebi', 'Celebi', 6, 50, '/pokemons/front/251.png'),
(252, 'treecko', 'Treecko', 5, 50, '/pokemons/front/252.png'),
(253, 'grovyle', 'Grovyle', 9, 216, '/pokemons/front/253.png'),
(254, 'sceptile', 'Sceptile', 17, 522, '/pokemons/front/254.png'),
(255, 'torchic', 'Torchic', 4, 25, '/pokemons/front/255.png'),
(256, 'combusken', 'Combusken', 9, 195, '/pokemons/front/256.png'),
(257, 'blaziken', 'Blaziken', 19, 520, '/pokemons/front/257.png'),
(258, 'mudkip', 'Mudkip', 4, 76, '/pokemons/front/258.png'),
(259, 'marshtomp', 'Marshtomp', 7, 280, '/pokemons/front/259.png'),
(260, 'swampert', 'Swampert', 15, 819, '/pokemons/front/260.png'),
(261, 'poochyena', 'Poochyena', 5, 136, '/pokemons/front/261.png'),
(262, 'mightyena', 'Mightyena', 10, 370, '/pokemons/front/262.png'),
(263, 'zigzagoon', 'Zigzagoon', 4, 175, '/pokemons/front/263.png'),
(264, 'linoone', 'Linoone', 5, 325, '/pokemons/front/264.png'),
(265, 'wurmple', 'Wurmple', 3, 36, '/pokemons/front/265.png'),
(266, 'silcoon', 'Silcoon', 6, 100, '/pokemons/front/266.png'),
(267, 'beautifly', 'Beautifly', 10, 284, '/pokemons/front/267.png'),
(268, 'cascoon', 'Cascoon', 7, 115, '/pokemons/front/268.png'),
(269, 'dustox', 'Dustox', 12, 316, '/pokemons/front/269.png'),
(270, 'lotad', 'Lotad', 5, 26, '/pokemons/front/270.png'),
(271, 'lombre', 'Lombre', 12, 325, '/pokemons/front/271.png'),
(272, 'ludicolo', 'Ludicolo', 15, 550, '/pokemons/front/272.png'),
(273, 'seedot', 'Seedot', 5, 40, '/pokemons/front/273.png'),
(274, 'nuzleaf', 'Nuzleaf', 10, 280, '/pokemons/front/274.png'),
(275, 'shiftry', 'Shiftry', 13, 596, '/pokemons/front/275.png'),
(276, 'taillow', 'Taillow', 3, 23, '/pokemons/front/276.png'),
(277, 'swellow', 'Swellow', 7, 198, '/pokemons/front/277.png'),
(278, 'wingull', 'Wingull', 6, 95, '/pokemons/front/278.png'),
(279, 'pelipper', 'Pelipper', 12, 280, '/pokemons/front/279.png'),
(280, 'ralts', 'Ralts', 4, 66, '/pokemons/front/280.png'),
(281, 'kirlia', 'Kirlia', 8, 202, '/pokemons/front/281.png'),
(282, 'gardevoir', 'Gardevoir', 16, 484, '/pokemons/front/282.png'),
(283, 'surskit', 'Surskit', 5, 17, '/pokemons/front/283.png'),
(284, 'masquerain', 'Masquerain', 8, 36, '/pokemons/front/284.png'),
(285, 'shroomish', 'Shroomish', 4, 45, '/pokemons/front/285.png'),
(286, 'breloom', 'Breloom', 12, 392, '/pokemons/front/286.png'),
(287, 'slakoth', 'Slakoth', 8, 240, '/pokemons/front/287.png'),
(288, 'vigoroth', 'Vigoroth', 14, 465, '/pokemons/front/288.png'),
(289, 'slaking', 'Slaking', 20, 1305, '/pokemons/front/289.png'),
(290, 'nincada', 'Nincada', 5, 55, '/pokemons/front/290.png'),
(291, 'ninjask', 'Ninjask', 8, 120, '/pokemons/front/291.png'),
(292, 'shedinja', 'Shedinja', 8, 12, '/pokemons/front/292.png'),
(293, 'whismur', 'Whismur', 6, 163, '/pokemons/front/293.png'),
(294, 'loudred', 'Loudred', 10, 405, '/pokemons/front/294.png'),
(295, 'exploud', 'Exploud', 15, 840, '/pokemons/front/295.png'),
(296, 'makuhita', 'Makuhita', 10, 864, '/pokemons/front/296.png'),
(297, 'hariyama', 'Hariyama', 23, 2538, '/pokemons/front/297.png'),
(298, 'azurill', 'Azurill', 2, 20, '/pokemons/front/298.png'),
(299, 'nosepass', 'Nosepass', 10, 970, '/pokemons/front/299.png'),
(300, 'skitty', 'Skitty', 6, 110, '/pokemons/front/300.png'),
(301, 'delcatty', 'Delcatty', 11, 326, '/pokemons/front/301.png'),
(302, 'sableye', 'Sableye', 5, 110, '/pokemons/front/302.png'),
(303, 'mawile', 'Mawile', 6, 115, '/pokemons/front/303.png'),
(304, 'aron', 'Aron', 4, 600, '/pokemons/front/304.png'),
(305, 'lairon', 'Lairon', 9, 1200, '/pokemons/front/305.png'),
(306, 'aggron', 'Aggron', 21, 3600, '/pokemons/front/306.png'),
(307, 'meditite', 'Meditite', 6, 112, '/pokemons/front/307.png'),
(308, 'medicham', 'Medicham', 13, 315, '/pokemons/front/308.png'),
(309, 'electrike', 'Electrike', 6, 152, '/pokemons/front/309.png'),
(310, 'manectric', 'Manectric', 15, 402, '/pokemons/front/310.png'),
(311, 'plusle', 'Plusle', 4, 42, '/pokemons/front/311.png'),
(312, 'minun', 'Minun', 4, 42, '/pokemons/front/312.png'),
(313, 'volbeat', 'Volbeat', 7, 177, '/pokemons/front/313.png'),
(314, 'illumise', 'Illumise', 6, 177, '/pokemons/front/314.png'),
(315, 'roselia', 'Roselia', 3, 20, '/pokemons/front/315.png'),
(316, 'gulpin', 'Gulpin', 4, 103, '/pokemons/front/316.png'),
(317, 'swalot', 'Swalot', 17, 800, '/pokemons/front/317.png'),
(318, 'carvanha', 'Carvanha', 8, 208, '/pokemons/front/318.png'),
(319, 'sharpedo', 'Sharpedo', 18, 888, '/pokemons/front/319.png'),
(320, 'wailmer', 'Wailmer', 20, 1300, '/pokemons/front/320.png'),
(321, 'wailord', 'Wailord', 145, 3980, '/pokemons/front/321.png'),
(322, 'numel', 'Numel', 7, 240, '/pokemons/front/322.png'),
(323, 'camerupt', 'Camerupt', 19, 2200, '/pokemons/front/323.png'),
(324, 'torkoal', 'Torkoal', 5, 804, '/pokemons/front/324.png'),
(325, 'spoink', 'Spoink', 7, 306, '/pokemons/front/325.png'),
(326, 'grumpig', 'Grumpig', 9, 715, '/pokemons/front/326.png'),
(327, 'spinda', 'Spinda', 11, 50, '/pokemons/front/327.png'),
(328, 'trapinch', 'Trapinch', 7, 150, '/pokemons/front/328.png'),
(329, 'vibrava', 'Vibrava', 11, 153, '/pokemons/front/329.png'),
(330, 'flygon', 'Flygon', 20, 820, '/pokemons/front/330.png'),
(331, 'cacnea', 'Cacnea', 4, 513, '/pokemons/front/331.png'),
(332, 'cacturne', 'Cacturne', 13, 774, '/pokemons/front/332.png'),
(333, 'swablu', 'Swablu', 4, 12, '/pokemons/front/333.png'),
(334, 'altaria', 'Altaria', 11, 206, '/pokemons/front/334.png'),
(335, 'zangoose', 'Zangoose', 13, 403, '/pokemons/front/335.png'),
(336, 'seviper', 'Seviper', 27, 525, '/pokemons/front/336.png'),
(337, 'lunatone', 'Lunatone', 10, 1680, '/pokemons/front/337.png'),
(338, 'solrock', 'Solrock', 12, 1540, '/pokemons/front/338.png'),
(339, 'barboach', 'Barboach', 4, 19, '/pokemons/front/339.png'),
(340, 'whiscash', 'Whiscash', 9, 236, '/pokemons/front/340.png'),
(341, 'corphish', 'Corphish', 6, 115, '/pokemons/front/341.png'),
(342, 'crawdaunt', 'Crawdaunt', 11, 328, '/pokemons/front/342.png'),
(343, 'baltoy', 'Baltoy', 5, 215, '/pokemons/front/343.png'),
(344, 'claydol', 'Claydol', 15, 1080, '/pokemons/front/344.png'),
(345, 'lileep', 'Lileep', 10, 238, '/pokemons/front/345.png'),
(346, 'cradily', 'Cradily', 15, 604, '/pokemons/front/346.png'),
(347, 'anorith', 'Anorith', 7, 125, '/pokemons/front/347.png'),
(348, 'armaldo', 'Armaldo', 15, 682, '/pokemons/front/348.png'),
(349, 'feebas', 'Feebas', 6, 74, '/pokemons/front/349.png'),
(350, 'milotic', 'Milotic', 62, 1620, '/pokemons/front/350.png'),
(351, 'castform', 'Castform', 3, 8, '/pokemons/front/351.png'),
(352, 'kecleon', 'Kecleon', 10, 220, '/pokemons/front/352.png'),
(353, 'shuppet', 'Shuppet', 6, 23, '/pokemons/front/353.png'),
(354, 'banette', 'Banette', 11, 125, '/pokemons/front/354.png'),
(355, 'duskull', 'Duskull', 8, 150, '/pokemons/front/355.png'),
(356, 'dusclops', 'Dusclops', 16, 306, '/pokemons/front/356.png'),
(357, 'tropius', 'Tropius', 20, 1000, '/pokemons/front/357.png'),
(358, 'chimecho', 'Chimecho', 6, 10, '/pokemons/front/358.png'),
(359, 'absol', 'Absol', 12, 470, '/pokemons/front/359.png'),
(360, 'wynaut', 'Wynaut', 6, 140, '/pokemons/front/360.png'),
(361, 'snorunt', 'Snorunt', 7, 168, '/pokemons/front/361.png'),
(362, 'glalie', 'Glalie', 15, 2565, '/pokemons/front/362.png'),
(363, 'spheal', 'Spheal', 8, 395, '/pokemons/front/363.png'),
(364, 'sealeo', 'Sealeo', 11, 876, '/pokemons/front/364.png'),
(365, 'walrein', 'Walrein', 14, 1506, '/pokemons/front/365.png'),
(366, 'clamperl', 'Clamperl', 4, 525, '/pokemons/front/366.png'),
(367, 'huntail', 'Huntail', 17, 270, '/pokemons/front/367.png'),
(368, 'gorebyss', 'Gorebyss', 18, 226, '/pokemons/front/368.png'),
(369, 'relicanth', 'Relicanth', 10, 234, '/pokemons/front/369.png'),
(370, 'luvdisc', 'Luvdisc', 6, 87, '/pokemons/front/370.png'),
(371, 'bagon', 'Bagon', 6, 421, '/pokemons/front/371.png'),
(372, 'shelgon', 'Shelgon', 11, 1105, '/pokemons/front/372.png'),
(373, 'salamence', 'Salamence', 15, 1026, '/pokemons/front/373.png'),
(374, 'beldum', 'Beldum', 6, 952, '/pokemons/front/374.png'),
(375, 'metang', 'Metang', 12, 2025, '/pokemons/front/375.png'),
(376, 'metagross', 'Metagross', 16, 5500, '/pokemons/front/376.png'),
(377, 'regirock', 'Regirock', 17, 2300, '/pokemons/front/377.png'),
(378, 'regice', 'Regice', 18, 1750, '/pokemons/front/378.png'),
(379, 'registeel', 'Registeel', 19, 2050, '/pokemons/front/379.png'),
(380, 'latias', 'Latias', 14, 400, '/pokemons/front/380.png'),
(381, 'latios', 'Latios', 20, 600, '/pokemons/front/381.png'),
(382, 'kyogre', 'Kyogre', 45, 3520, '/pokemons/front/382.png'),
(383, 'groudon', 'Groudon', 35, 9500, '/pokemons/front/383.png'),
(384, 'rayquaza', 'Rayquaza', 70, 2065, '/pokemons/front/384.png'),
(385, 'jirachi', 'Jirachi', 3, 11, '/pokemons/front/385.png'),
(386, 'deoxys-normal', 'Deoxys Normal', 17, 608, '/pokemons/front/386.png'),
(387, 'turtwig', 'Turtwig', 4, 102, '/pokemons/front/387.png'),
(388, 'grotle', 'Grotle', 11, 970, '/pokemons/front/388.png'),
(389, 'torterra', 'Torterra', 22, 3100, '/pokemons/front/389.png'),
(390, 'chimchar', 'Chimchar', 5, 62, '/pokemons/front/390.png'),
(391, 'monferno', 'Monferno', 9, 220, '/pokemons/front/391.png'),
(392, 'infernape', 'Infernape', 12, 550, '/pokemons/front/392.png'),
(393, 'piplup', 'Piplup', 4, 52, '/pokemons/front/393.png'),
(394, 'prinplup', 'Prinplup', 8, 230, '/pokemons/front/394.png'),
(395, 'empoleon', 'Empoleon', 17, 845, '/pokemons/front/395.png'),
(396, 'starly', 'Starly', 3, 20, '/pokemons/front/396.png'),
(397, 'staravia', 'Staravia', 6, 155, '/pokemons/front/397.png'),
(398, 'staraptor', 'Staraptor', 12, 249, '/pokemons/front/398.png'),
(399, 'bidoof', 'Bidoof', 5, 200, '/pokemons/front/399.png'),
(400, 'bibarel', 'Bibarel', 10, 315, '/pokemons/front/400.png'),
(401, 'kricketot', 'Kricketot', 3, 22, '/pokemons/front/401.png'),
(402, 'kricketune', 'Kricketune', 10, 255, '/pokemons/front/402.png'),
(403, 'shinx', 'Shinx', 5, 95, '/pokemons/front/403.png'),
(404, 'luxio', 'Luxio', 9, 305, '/pokemons/front/404.png'),
(405, 'luxray', 'Luxray', 14, 420, '/pokemons/front/405.png'),
(406, 'budew', 'Budew', 2, 12, '/pokemons/front/406.png'),
(407, 'roserade', 'Roserade', 9, 145, '/pokemons/front/407.png'),
(408, 'cranidos', 'Cranidos', 9, 315, '/pokemons/front/408.png'),
(409, 'rampardos', 'Rampardos', 16, 1025, '/pokemons/front/409.png'),
(410, 'shieldon', 'Shieldon', 5, 570, '/pokemons/front/410.png'),
(411, 'bastiodon', 'Bastiodon', 13, 1495, '/pokemons/front/411.png'),
(412, 'burmy', 'Burmy', 2, 34, '/pokemons/front/412.png'),
(413, 'wormadam-plant', 'Wormadam Plant', 5, 65, '/pokemons/front/413.png'),
(414, 'mothim', 'Mothim', 9, 233, '/pokemons/front/414.png'),
(415, 'combee', 'Combee', 3, 55, '/pokemons/front/415.png'),
(416, 'vespiquen', 'Vespiquen', 12, 385, '/pokemons/front/416.png'),
(417, 'pachirisu', 'Pachirisu', 4, 39, '/pokemons/front/417.png'),
(418, 'buizel', 'Buizel', 7, 295, '/pokemons/front/418.png'),
(419, 'floatzel', 'Floatzel', 11, 335, '/pokemons/front/419.png'),
(420, 'cherubi', 'Cherubi', 4, 33, '/pokemons/front/420.png'),
(421, 'cherrim', 'Cherrim', 5, 93, '/pokemons/front/421.png'),
(422, 'shellos', 'Shellos', 3, 63, '/pokemons/front/422.png'),
(423, 'gastrodon', 'Gastrodon', 9, 299, '/pokemons/front/423.png'),
(424, 'ambipom', 'Ambipom', 12, 203, '/pokemons/front/424.png'),
(425, 'drifloon', 'Drifloon', 4, 12, '/pokemons/front/425.png'),
(426, 'drifblim', 'Drifblim', 12, 150, '/pokemons/front/426.png'),
(427, 'buneary', 'Buneary', 4, 55, '/pokemons/front/427.png'),
(428, 'lopunny', 'Lopunny', 12, 333, '/pokemons/front/428.png'),
(429, 'mismagius', 'Mismagius', 9, 44, '/pokemons/front/429.png'),
(430, 'honchkrow', 'Honchkrow', 9, 273, '/pokemons/front/430.png'),
(431, 'glameow', 'Glameow', 5, 39, '/pokemons/front/431.png'),
(432, 'purugly', 'Purugly', 10, 438, '/pokemons/front/432.png'),
(433, 'chingling', 'Chingling', 2, 6, '/pokemons/front/433.png'),
(434, 'stunky', 'Stunky', 4, 192, '/pokemons/front/434.png'),
(435, 'skuntank', 'Skuntank', 10, 380, '/pokemons/front/435.png'),
(436, 'bronzor', 'Bronzor', 5, 605, '/pokemons/front/436.png'),
(437, 'bronzong', 'Bronzong', 13, 1870, '/pokemons/front/437.png'),
(438, 'bonsly', 'Bonsly', 5, 150, '/pokemons/front/438.png'),
(439, 'mime-jr', 'Mime Jr', 6, 130, '/pokemons/front/439.png'),
(440, 'happiny', 'Happiny', 6, 244, '/pokemons/front/440.png'),
(441, 'chatot', 'Chatot', 5, 19, '/pokemons/front/441.png'),
(442, 'spiritomb', 'Spiritomb', 10, 1080, '/pokemons/front/442.png'),
(443, 'gible', 'Gible', 7, 205, '/pokemons/front/443.png'),
(444, 'gabite', 'Gabite', 14, 560, '/pokemons/front/444.png'),
(445, 'garchomp', 'Garchomp', 19, 950, '/pokemons/front/445.png'),
(446, 'munchlax', 'Munchlax', 6, 1050, '/pokemons/front/446.png'),
(447, 'riolu', 'Riolu', 7, 202, '/pokemons/front/447.png'),
(448, 'lucario', 'Lucario', 12, 540, '/pokemons/front/448.png'),
(449, 'hippopotas', 'Hippopotas', 8, 495, '/pokemons/front/449.png'),
(450, 'hippowdon', 'Hippowdon', 20, 3000, '/pokemons/front/450.png'),
(451, 'skorupi', 'Skorupi', 8, 120, '/pokemons/front/451.png'),
(452, 'drapion', 'Drapion', 13, 615, '/pokemons/front/452.png'),
(453, 'croagunk', 'Croagunk', 7, 230, '/pokemons/front/453.png'),
(454, 'toxicroak', 'Toxicroak', 13, 444, '/pokemons/front/454.png'),
(455, 'carnivine', 'Carnivine', 14, 270, '/pokemons/front/455.png'),
(456, 'finneon', 'Finneon', 4, 70, '/pokemons/front/456.png'),
(457, 'lumineon', 'Lumineon', 12, 240, '/pokemons/front/457.png'),
(458, 'mantyke', 'Mantyke', 10, 650, '/pokemons/front/458.png'),
(459, 'snover', 'Snover', 10, 505, '/pokemons/front/459.png'),
(460, 'abomasnow', 'Abomasnow', 22, 1355, '/pokemons/front/460.png'),
(461, 'weavile', 'Weavile', 11, 340, '/pokemons/front/461.png'),
(462, 'magnezone', 'Magnezone', 12, 1800, '/pokemons/front/462.png'),
(463, 'lickilicky', 'Lickilicky', 17, 1400, '/pokemons/front/463.png'),
(464, 'rhyperior', 'Rhyperior', 24, 2828, '/pokemons/front/464.png'),
(465, 'tangrowth', 'Tangrowth', 20, 1286, '/pokemons/front/465.png'),
(466, 'electivire', 'Electivire', 18, 1386, '/pokemons/front/466.png'),
(467, 'magmortar', 'Magmortar', 16, 680, '/pokemons/front/467.png'),
(468, 'togekiss', 'Togekiss', 15, 380, '/pokemons/front/468.png'),
(469, 'yanmega', 'Yanmega', 19, 515, '/pokemons/front/469.png'),
(470, 'leafeon', 'Leafeon', 10, 255, '/pokemons/front/470.png'),
(471, 'glaceon', 'Glaceon', 8, 259, '/pokemons/front/471.png'),
(472, 'gliscor', 'Gliscor', 20, 425, '/pokemons/front/472.png'),
(473, 'mamoswine', 'Mamoswine', 25, 2910, '/pokemons/front/473.png'),
(474, 'porygon-z', 'Porygon Z', 9, 340, '/pokemons/front/474.png'),
(475, 'gallade', 'Gallade', 16, 520, '/pokemons/front/475.png'),
(476, 'probopass', 'Probopass', 14, 3400, '/pokemons/front/476.png'),
(477, 'dusknoir', 'Dusknoir', 22, 1066, '/pokemons/front/477.png'),
(478, 'froslass', 'Froslass', 13, 266, '/pokemons/front/478.png'),
(479, 'rotom', 'Rotom', 3, 3, '/pokemons/front/479.png'),
(480, 'uxie', 'Uxie', 3, 3, '/pokemons/front/480.png'),
(481, 'mesprit', 'Mesprit', 3, 3, '/pokemons/front/481.png'),
(482, 'azelf', 'Azelf', 3, 3, '/pokemons/front/482.png'),
(483, 'dialga', 'Dialga', 54, 6830, '/pokemons/front/483.png'),
(484, 'palkia', 'Palkia', 42, 3360, '/pokemons/front/484.png'),
(485, 'heatran', 'Heatran', 17, 4300, '/pokemons/front/485.png'),
(486, 'regigigas', 'Regigigas', 37, 4200, '/pokemons/front/486.png'),
(487, 'giratina-altered', 'Giratina Altered', 45, 7500, '/pokemons/front/487.png'),
(488, 'cresselia', 'Cresselia', 15, 856, '/pokemons/front/488.png'),
(489, 'phione', 'Phione', 4, 31, '/pokemons/front/489.png'),
(490, 'manaphy', 'Manaphy', 3, 14, '/pokemons/front/490.png'),
(491, 'darkrai', 'Darkrai', 15, 505, '/pokemons/front/491.png'),
(492, 'shaymin-land', 'Shaymin Land', 2, 21, '/pokemons/front/492.png'),
(493, 'arceus', 'Arceus', 32, 3200, '/pokemons/front/493.png'),
(494, 'victini', 'Victini', 4, 40, '/pokemons/front/494.png'),
(495, 'snivy', 'Snivy', 6, 81, '/pokemons/front/495.png'),
(496, 'servine', 'Servine', 8, 160, '/pokemons/front/496.png'),
(497, 'serperior', 'Serperior', 33, 630, '/pokemons/front/497.png'),
(498, 'tepig', 'Tepig', 5, 99, '/pokemons/front/498.png'),
(499, 'pignite', 'Pignite', 10, 555, '/pokemons/front/499.png'),
(500, 'emboar', 'Emboar', 16, 1500, '/pokemons/front/500.png'),
(501, 'oshawott', 'Oshawott', 5, 59, '/pokemons/front/501.png'),
(502, 'dewott', 'Dewott', 8, 245, '/pokemons/front/502.png'),
(503, 'samurott', 'Samurott', 15, 946, '/pokemons/front/503.png'),
(504, 'patrat', 'Patrat', 5, 116, '/pokemons/front/504.png'),
(505, 'watchog', 'Watchog', 11, 270, '/pokemons/front/505.png'),
(506, 'lillipup', 'Lillipup', 4, 41, '/pokemons/front/506.png'),
(507, 'herdier', 'Herdier', 9, 147, '/pokemons/front/507.png'),
(508, 'stoutland', 'Stoutland', 12, 610, '/pokemons/front/508.png'),
(509, 'purrloin', 'Purrloin', 4, 101, '/pokemons/front/509.png'),
(510, 'liepard', 'Liepard', 11, 375, '/pokemons/front/510.png'),
(511, 'pansage', 'Pansage', 6, 105, '/pokemons/front/511.png'),
(512, 'simisage', 'Simisage', 11, 305, '/pokemons/front/512.png'),
(513, 'pansear', 'Pansear', 6, 110, '/pokemons/front/513.png'),
(514, 'simisear', 'Simisear', 10, 280, '/pokemons/front/514.png'),
(515, 'panpour', 'Panpour', 6, 135, '/pokemons/front/515.png'),
(516, 'simipour', 'Simipour', 10, 290, '/pokemons/front/516.png'),
(517, 'munna', 'Munna', 6, 233, '/pokemons/front/517.png'),
(518, 'musharna', 'Musharna', 11, 605, '/pokemons/front/518.png'),
(519, 'pidove', 'Pidove', 3, 21, '/pokemons/front/519.png'),
(520, 'tranquill', 'Tranquill', 6, 150, '/pokemons/front/520.png'),
(521, 'unfezant', 'Unfezant', 12, 290, '/pokemons/front/521.png'),
(522, 'blitzle', 'Blitzle', 8, 298, '/pokemons/front/522.png'),
(523, 'zebstrika', 'Zebstrika', 16, 795, '/pokemons/front/523.png'),
(524, 'roggenrola', 'Roggenrola', 4, 180, '/pokemons/front/524.png'),
(525, 'boldore', 'Boldore', 9, 1020, '/pokemons/front/525.png'),
(526, 'gigalith', 'Gigalith', 17, 2600, '/pokemons/front/526.png'),
(527, 'woobat', 'Woobat', 4, 21, '/pokemons/front/527.png'),
(528, 'swoobat', 'Swoobat', 9, 105, '/pokemons/front/528.png'),
(529, 'drilbur', 'Drilbur', 3, 85, '/pokemons/front/529.png'),
(530, 'excadrill', 'Excadrill', 7, 404, '/pokemons/front/530.png'),
(531, 'audino', 'Audino', 11, 310, '/pokemons/front/531.png'),
(532, 'timburr', 'Timburr', 6, 125, '/pokemons/front/532.png'),
(533, 'gurdurr', 'Gurdurr', 12, 400, '/pokemons/front/533.png'),
(534, 'conkeldurr', 'Conkeldurr', 14, 870, '/pokemons/front/534.png'),
(535, 'tympole', 'Tympole', 5, 45, '/pokemons/front/535.png'),
(536, 'palpitoad', 'Palpitoad', 8, 170, '/pokemons/front/536.png'),
(537, 'seismitoad', 'Seismitoad', 15, 620, '/pokemons/front/537.png'),
(538, 'throh', 'Throh', 13, 555, '/pokemons/front/538.png'),
(539, 'sawk', 'Sawk', 14, 510, '/pokemons/front/539.png'),
(540, 'sewaddle', 'Sewaddle', 3, 25, '/pokemons/front/540.png'),
(541, 'swadloon', 'Swadloon', 5, 73, '/pokemons/front/541.png'),
(542, 'leavanny', 'Leavanny', 12, 205, '/pokemons/front/542.png'),
(543, 'venipede', 'Venipede', 4, 53, '/pokemons/front/543.png'),
(544, 'whirlipede', 'Whirlipede', 12, 585, '/pokemons/front/544.png'),
(545, 'scolipede', 'Scolipede', 25, 2005, '/pokemons/front/545.png'),
(546, 'cottonee', 'Cottonee', 3, 6, '/pokemons/front/546.png'),
(547, 'whimsicott', 'Whimsicott', 7, 66, '/pokemons/front/547.png'),
(548, 'petilil', 'Petilil', 5, 66, '/pokemons/front/548.png'),
(549, 'lilligant', 'Lilligant', 11, 163, '/pokemons/front/549.png'),
(550, 'basculin-red-striped', 'Basculin Red Striped', 10, 180, '/pokemons/front/550.png'),
(551, 'sandile', 'Sandile', 7, 152, '/pokemons/front/551.png'),
(552, 'krokorok', 'Krokorok', 10, 334, '/pokemons/front/552.png'),
(553, 'krookodile', 'Krookodile', 15, 963, '/pokemons/front/553.png'),
(554, 'darumaka', 'Darumaka', 6, 375, '/pokemons/front/554.png'),
(555, 'darmanitan-standard', 'Darmanitan Standard', 13, 929, '/pokemons/front/555.png'),
(556, 'maractus', 'Maractus', 10, 280, '/pokemons/front/556.png'),
(557, 'dwebble', 'Dwebble', 3, 145, '/pokemons/front/557.png'),
(558, 'crustle', 'Crustle', 14, 2000, '/pokemons/front/558.png'),
(559, 'scraggy', 'Scraggy', 6, 118, '/pokemons/front/559.png'),
(560, 'scrafty', 'Scrafty', 11, 300, '/pokemons/front/560.png'),
(561, 'sigilyph', 'Sigilyph', 14, 140, '/pokemons/front/561.png'),
(562, 'yamask', 'Yamask', 5, 15, '/pokemons/front/562.png'),
(563, 'cofagrigus', 'Cofagrigus', 17, 765, '/pokemons/front/563.png'),
(564, 'tirtouga', 'Tirtouga', 7, 165, '/pokemons/front/564.png'),
(565, 'carracosta', 'Carracosta', 12, 810, '/pokemons/front/565.png'),
(566, 'archen', 'Archen', 5, 95, '/pokemons/front/566.png'),
(567, 'archeops', 'Archeops', 14, 320, '/pokemons/front/567.png'),
(568, 'trubbish', 'Trubbish', 6, 310, '/pokemons/front/568.png'),
(569, 'garbodor', 'Garbodor', 19, 1073, '/pokemons/front/569.png'),
(570, 'zorua', 'Zorua', 7, 125, '/pokemons/front/570.png'),
(571, 'zoroark', 'Zoroark', 16, 811, '/pokemons/front/571.png'),
(572, 'minccino', 'Minccino', 4, 58, '/pokemons/front/572.png'),
(573, 'cinccino', 'Cinccino', 5, 75, '/pokemons/front/573.png'),
(574, 'gothita', 'Gothita', 4, 58, '/pokemons/front/574.png'),
(575, 'gothorita', 'Gothorita', 7, 180, '/pokemons/front/575.png'),
(576, 'gothitelle', 'Gothitelle', 15, 440, '/pokemons/front/576.png'),
(577, 'solosis', 'Solosis', 3, 10, '/pokemons/front/577.png'),
(578, 'duosion', 'Duosion', 6, 80, '/pokemons/front/578.png'),
(579, 'reuniclus', 'Reuniclus', 10, 201, '/pokemons/front/579.png'),
(580, 'ducklett', 'Ducklett', 5, 55, '/pokemons/front/580.png'),
(581, 'swanna', 'Swanna', 13, 242, '/pokemons/front/581.png'),
(582, 'vanillite', 'Vanillite', 4, 57, '/pokemons/front/582.png'),
(583, 'vanillish', 'Vanillish', 11, 410, '/pokemons/front/583.png'),
(584, 'vanilluxe', 'Vanilluxe', 13, 575, '/pokemons/front/584.png'),
(585, 'deerling', 'Deerling', 6, 195, '/pokemons/front/585.png'),
(586, 'sawsbuck', 'Sawsbuck', 19, 925, '/pokemons/front/586.png'),
(587, 'emolga', 'Emolga', 4, 50, '/pokemons/front/587.png'),
(588, 'karrablast', 'Karrablast', 5, 59, '/pokemons/front/588.png'),
(589, 'escavalier', 'Escavalier', 10, 330, '/pokemons/front/589.png'),
(590, 'foongus', 'Foongus', 2, 10, '/pokemons/front/590.png'),
(591, 'amoonguss', 'Amoonguss', 6, 105, '/pokemons/front/591.png'),
(592, 'frillish', 'Frillish', 12, 330, '/pokemons/front/592.png'),
(593, 'jellicent', 'Jellicent', 22, 1350, '/pokemons/front/593.png'),
(594, 'alomomola', 'Alomomola', 12, 316, '/pokemons/front/594.png'),
(595, 'joltik', 'Joltik', 1, 6, '/pokemons/front/595.png'),
(596, 'galvantula', 'Galvantula', 8, 143, '/pokemons/front/596.png'),
(597, 'ferroseed', 'Ferroseed', 6, 188, '/pokemons/front/597.png'),
(598, 'ferrothorn', 'Ferrothorn', 10, 1100, '/pokemons/front/598.png'),
(599, 'klink', 'Klink', 3, 210, '/pokemons/front/599.png'),
(600, 'klang', 'Klang', 6, 510, '/pokemons/front/600.png'),
(601, 'klinklang', 'Klinklang', 6, 810, '/pokemons/front/601.png'),
(602, 'tynamo', 'Tynamo', 2, 3, '/pokemons/front/602.png'),
(603, 'eelektrik', 'Eelektrik', 12, 220, '/pokemons/front/603.png'),
(604, 'eelektross', 'Eelektross', 21, 805, '/pokemons/front/604.png'),
(605, 'elgyem', 'Elgyem', 5, 90, '/pokemons/front/605.png'),
(606, 'beheeyem', 'Beheeyem', 10, 345, '/pokemons/front/606.png'),
(607, 'litwick', 'Litwick', 3, 31, '/pokemons/front/607.png'),
(608, 'lampent', 'Lampent', 6, 130, '/pokemons/front/608.png'),
(609, 'chandelure', 'Chandelure', 10, 343, '/pokemons/front/609.png'),
(610, 'axew', 'Axew', 6, 180, '/pokemons/front/610.png'),
(611, 'fraxure', 'Fraxure', 10, 360, '/pokemons/front/611.png'),
(612, 'haxorus', 'Haxorus', 18, 1055, '/pokemons/front/612.png'),
(613, 'cubchoo', 'Cubchoo', 5, 85, '/pokemons/front/613.png'),
(614, 'beartic', 'Beartic', 26, 2600, '/pokemons/front/614.png'),
(615, 'cryogonal', 'Cryogonal', 11, 1480, '/pokemons/front/615.png'),
(616, 'shelmet', 'Shelmet', 4, 77, '/pokemons/front/616.png'),
(617, 'accelgor', 'Accelgor', 8, 253, '/pokemons/front/617.png'),
(618, 'stunfisk', 'Stunfisk', 7, 110, '/pokemons/front/618.png'),
(619, 'mienfoo', 'Mienfoo', 9, 200, '/pokemons/front/619.png'),
(620, 'mienshao', 'Mienshao', 14, 355, '/pokemons/front/620.png'),
(621, 'druddigon', 'Druddigon', 16, 1390, '/pokemons/front/621.png'),
(622, 'golett', 'Golett', 10, 920, '/pokemons/front/622.png'),
(623, 'golurk', 'Golurk', 28, 3300, '/pokemons/front/623.png'),
(624, 'pawniard', 'Pawniard', 5, 102, '/pokemons/front/624.png'),
(625, 'bisharp', 'Bisharp', 16, 700, '/pokemons/front/625.png'),
(626, 'bouffalant', 'Bouffalant', 16, 946, '/pokemons/front/626.png'),
(627, 'rufflet', 'Rufflet', 5, 105, '/pokemons/front/627.png'),
(628, 'braviary', 'Braviary', 15, 410, '/pokemons/front/628.png'),
(629, 'vullaby', 'Vullaby', 5, 90, '/pokemons/front/629.png'),
(630, 'mandibuzz', 'Mandibuzz', 12, 395, '/pokemons/front/630.png'),
(631, 'heatmor', 'Heatmor', 14, 580, '/pokemons/front/631.png'),
(632, 'durant', 'Durant', 3, 330, '/pokemons/front/632.png'),
(633, 'deino', 'Deino', 8, 173, '/pokemons/front/633.png'),
(634, 'zweilous', 'Zweilous', 14, 500, '/pokemons/front/634.png'),
(635, 'hydreigon', 'Hydreigon', 18, 1600, '/pokemons/front/635.png'),
(636, 'larvesta', 'Larvesta', 11, 288, '/pokemons/front/636.png'),
(637, 'volcarona', 'Volcarona', 16, 460, '/pokemons/front/637.png'),
(638, 'cobalion', 'Cobalion', 21, 2500, '/pokemons/front/638.png'),
(639, 'terrakion', 'Terrakion', 19, 2600, '/pokemons/front/639.png'),
(640, 'virizion', 'Virizion', 20, 2000, '/pokemons/front/640.png'),
(641, 'tornadus-incarnate', 'Tornadus Incarnate', 15, 630, '/pokemons/front/641.png'),
(642, 'thundurus-incarnate', 'Thundurus Incarnate', 15, 610, '/pokemons/front/642.png'),
(643, 'reshiram', 'Reshiram', 32, 3300, '/pokemons/front/643.png'),
(644, 'zekrom', 'Zekrom', 29, 3450, '/pokemons/front/644.png'),
(645, 'landorus-incarnate', 'Landorus Incarnate', 15, 680, '/pokemons/front/645.png'),
(646, 'kyurem', 'Kyurem', 30, 3250, '/pokemons/front/646.png'),
(647, 'keldeo-ordinary', 'Keldeo Ordinary', 14, 485, '/pokemons/front/647.png'),
(648, 'meloetta-aria', 'Meloetta Aria', 6, 65, '/pokemons/front/648.png'),
(649, 'genesect', 'Genesect', 15, 825, '/pokemons/front/649.png'),
(650, 'chespin', 'Chespin', 4, 90, '/pokemons/front/650.png'),
(651, 'quilladin', 'Quilladin', 7, 290, '/pokemons/front/651.png'),
(652, 'chesnaught', 'Chesnaught', 16, 900, '/pokemons/front/652.png'),
(653, 'fennekin', 'Fennekin', 4, 94, '/pokemons/front/653.png'),
(654, 'braixen', 'Braixen', 10, 145, '/pokemons/front/654.png'),
(655, 'delphox', 'Delphox', 15, 390, '/pokemons/front/655.png'),
(656, 'froakie', 'Froakie', 3, 70, '/pokemons/front/656.png'),
(657, 'frogadier', 'Frogadier', 6, 109, '/pokemons/front/657.png'),
(658, 'greninja', 'Greninja', 15, 400, '/pokemons/front/658.png'),
(659, 'bunnelby', 'Bunnelby', 4, 50, '/pokemons/front/659.png'),
(660, 'diggersby', 'Diggersby', 10, 424, '/pokemons/front/660.png'),
(661, 'fletchling', 'Fletchling', 3, 17, '/pokemons/front/661.png'),
(662, 'fletchinder', 'Fletchinder', 7, 160, '/pokemons/front/662.png'),
(663, 'talonflame', 'Talonflame', 12, 245, '/pokemons/front/663.png'),
(664, 'scatterbug', 'Scatterbug', 3, 25, '/pokemons/front/664.png'),
(665, 'spewpa', 'Spewpa', 3, 84, '/pokemons/front/665.png'),
(666, 'vivillon', 'Vivillon', 12, 170, '/pokemons/front/666.png'),
(667, 'litleo', 'Litleo', 6, 135, '/pokemons/front/667.png'),
(668, 'pyroar', 'Pyroar', 15, 815, '/pokemons/front/668.png'),
(669, 'flabebe', 'Flabebe', 1, 1, '/pokemons/front/669.png'),
(670, 'floette', 'Floette', 2, 9, '/pokemons/front/670.png'),
(671, 'florges', 'Florges', 11, 100, '/pokemons/front/671.png'),
(672, 'skiddo', 'Skiddo', 9, 310, '/pokemons/front/672.png'),
(673, 'gogoat', 'Gogoat', 17, 910, '/pokemons/front/673.png'),
(674, 'pancham', 'Pancham', 6, 80, '/pokemons/front/674.png'),
(675, 'pangoro', 'Pangoro', 21, 1360, '/pokemons/front/675.png'),
(676, 'furfrou', 'Furfrou', 12, 280, '/pokemons/front/676.png'),
(677, 'espurr', 'Espurr', 3, 35, '/pokemons/front/677.png'),
(678, 'meowstic-male', 'Meowstic Male', 6, 85, '/pokemons/front/678.png'),
(679, 'honedge', 'Honedge', 8, 20, '/pokemons/front/679.png'),
(680, 'doublade', 'Doublade', 8, 45, '/pokemons/front/680.png'),
(681, 'aegislash-shield', 'Aegislash Shield', 17, 530, '/pokemons/front/681.png'),
(682, 'spritzee', 'Spritzee', 2, 5, '/pokemons/front/682.png'),
(683, 'aromatisse', 'Aromatisse', 8, 155, '/pokemons/front/683.png'),
(684, 'swirlix', 'Swirlix', 4, 35, '/pokemons/front/684.png'),
(685, 'slurpuff', 'Slurpuff', 8, 50, '/pokemons/front/685.png'),
(686, 'inkay', 'Inkay', 4, 35, '/pokemons/front/686.png'),
(687, 'malamar', 'Malamar', 15, 470, '/pokemons/front/687.png'),
(688, 'binacle', 'Binacle', 5, 310, '/pokemons/front/688.png'),
(689, 'barbaracle', 'Barbaracle', 13, 960, '/pokemons/front/689.png'),
(690, 'skrelp', 'Skrelp', 5, 73, '/pokemons/front/690.png'),
(691, 'dragalge', 'Dragalge', 18, 815, '/pokemons/front/691.png'),
(692, 'clauncher', 'Clauncher', 5, 83, '/pokemons/front/692.png'),
(693, 'clawitzer', 'Clawitzer', 13, 353, '/pokemons/front/693.png'),
(694, 'helioptile', 'Helioptile', 5, 60, '/pokemons/front/694.png'),
(695, 'heliolisk', 'Heliolisk', 10, 210, '/pokemons/front/695.png'),
(696, 'tyrunt', 'Tyrunt', 8, 260, '/pokemons/front/696.png'),
(697, 'tyrantrum', 'Tyrantrum', 25, 2700, '/pokemons/front/697.png'),
(698, 'amaura', 'Amaura', 13, 252, '/pokemons/front/698.png'),
(699, 'aurorus', 'Aurorus', 27, 2250, '/pokemons/front/699.png'),
(700, 'sylveon', 'Sylveon', 10, 235, '/pokemons/front/700.png'),
(701, 'hawlucha', 'Hawlucha', 8, 215, '/pokemons/front/701.png'),
(702, 'dedenne', 'Dedenne', 2, 22, '/pokemons/front/702.png'),
(703, 'carbink', 'Carbink', 3, 57, '/pokemons/front/703.png'),
(704, 'goomy', 'Goomy', 3, 28, '/pokemons/front/704.png'),
(705, 'sliggoo', 'Sliggoo', 8, 175, '/pokemons/front/705.png'),
(706, 'goodra', 'Goodra', 20, 1505, '/pokemons/front/706.png'),
(707, 'klefki', 'Klefki', 2, 30, '/pokemons/front/707.png'),
(708, 'phantump', 'Phantump', 4, 70, '/pokemons/front/708.png'),
(709, 'trevenant', 'Trevenant', 15, 710, '/pokemons/front/709.png'),
(710, 'pumpkaboo-average', 'Pumpkaboo Average', 4, 50, '/pokemons/front/710.png'),
(711, 'gourgeist-average', 'Gourgeist Average', 9, 125, '/pokemons/front/711.png'),
(712, 'bergmite', 'Bergmite', 10, 995, '/pokemons/front/712.png'),
(713, 'avalugg', 'Avalugg', 20, 5050, '/pokemons/front/713.png'),
(714, 'noibat', 'Noibat', 5, 80, '/pokemons/front/714.png'),
(715, 'noivern', 'Noivern', 15, 850, '/pokemons/front/715.png'),
(716, 'xerneas', 'Xerneas', 30, 2150, '/pokemons/front/716.png'),
(717, 'yveltal', 'Yveltal', 58, 2030, '/pokemons/front/717.png'),
(718, 'zygarde', 'Zygarde', 50, 3050, '/pokemons/front/718.png'),
(719, 'diancie', 'Diancie', 7, 88, '/pokemons/front/719.png'),
(720, 'hoopa', 'Hoopa', 5, 90, '/pokemons/front/720.png'),
(721, 'volcanion', 'Volcanion', 17, 1950, '/pokemons/front/721.png'),
(722, 'deoxys-attack', 'Deoxys Attack', 17, 608, '/pokemons/front/722.png'),
(723, 'deoxys-defense', 'Deoxys Defense', 17, 608, '/pokemons/front/723.png'),
(724, 'deoxys-speed', 'Deoxys Speed', 17, 608, '/pokemons/front/724.png'),
(725, 'wormadam-sandy', 'Wormadam Sandy', 5, 65, '/pokemons/front/725.png'),
(726, 'wormadam-trash', 'Wormadam Trash', 5, 65, '/pokemons/front/726.png'),
(727, 'shaymin-sky', 'Shaymin Sky', 4, 52, '/pokemons/front/727.png'),
(728, 'giratina-origin', 'Giratina Origin', 69, 6500, '/pokemons/front/728.png'),
(729, 'rotom-heat', 'Rotom Heat', 3, 3, '/pokemons/front/729.png'),
(730, 'rotom-wash', 'Rotom Wash', 3, 3, '/pokemons/front/730.png'),
(731, 'rotom-frost', 'Rotom Frost', 3, 3, '/pokemons/front/731.png'),
(732, 'rotom-fan', 'Rotom Fan', 3, 3, '/pokemons/front/732.png'),
(733, 'rotom-mow', 'Rotom Mow', 3, 3, '/pokemons/front/733.png'),
(734, 'castform-sunny', 'Castform Sunny', 3, 8, '/pokemons/front/734.png'),
(735, 'castform-rainy', 'Castform Rainy', 3, 8, '/pokemons/front/735.png'),
(736, 'castform-snowy', 'Castform Snowy', 3, 8, '/pokemons/front/736.png'),
(737, 'basculin-blue-striped', 'Basculin Blue Striped', 10, 180, '/pokemons/front/737.png'),
(738, 'darmanitan-zen', 'Darmanitan Zen', 13, 929, '/pokemons/front/738.png'),
(739, 'meloetta-pirouette', 'Meloetta Pirouette', 6, 65, '/pokemons/front/739.png'),
(740, 'tornadus-therian', 'Tornadus Therian', 14, 630, '/pokemons/front/740.png'),
(741, 'thundurus-therian', 'Thundurus Therian', 30, 610, '/pokemons/front/741.png'),
(742, 'landorus-therian', 'Landorus Therian', 13, 680, '/pokemons/front/742.png'),
(743, 'kyurem-black', 'Kyurem Black', 33, 3250, '/pokemons/front/743.png'),
(744, 'kyurem-white', 'Kyurem White', 36, 3250, '/pokemons/front/744.png'),
(745, 'keldeo-resolute', 'Keldeo Resolute', 14, 485, '/pokemons/front/745.png'),
(746, 'meowstic-female', 'Meowstic Female', 6, 85, '/pokemons/front/746.png'),
(747, 'aegislash-blade', 'Aegislash Blade', 17, 530, '/pokemons/front/747.png'),
(748, 'pumpkaboo-small', 'Pumpkaboo Small', 3, 35, '/pokemons/front/748.png'),
(749, 'pumpkaboo-large', 'Pumpkaboo Large', 5, 75, '/pokemons/front/749.png'),
(750, 'pumpkaboo-super', 'Pumpkaboo Super', 8, 150, '/pokemons/front/750.png'),
(751, 'gourgeist-small', 'Gourgeist Small', 7, 95, '/pokemons/front/751.png'),
(752, 'gourgeist-large', 'Gourgeist Large', 11, 140, '/pokemons/front/752.png'),
(753, 'gourgeist-super', 'Gourgeist Super', 17, 390, '/pokemons/front/753.png'),
(754, 'venusaur-mega', 'Venusaur Mega', 24, 1555, '/pokemons/front/754.png'),
(755, 'charizard-mega-x', 'Charizard Mega X', 17, 1105, '/pokemons/front/755.png'),
(756, 'charizard-mega-y', 'Charizard Mega Y', 17, 1005, '/pokemons/front/756.png'),
(757, 'blastoise-mega', 'Blastoise Mega', 16, 1011, '/pokemons/front/757.png'),
(758, 'alakazam-mega', 'Alakazam Mega', 12, 480, '/pokemons/front/758.png'),
(759, 'gengar-mega', 'Gengar Mega', 14, 405, '/pokemons/front/759.png'),
(760, 'kangaskhan-mega', 'Kangaskhan Mega', 22, 1000, '/pokemons/front/760.png'),
(761, 'pinsir-mega', 'Pinsir Mega', 17, 590, '/pokemons/front/761.png'),
(762, 'gyarados-mega', 'Gyarados Mega', 65, 3050, '/pokemons/front/762.png'),
(763, 'aerodactyl-mega', 'Aerodactyl Mega', 21, 790, '/pokemons/front/763.png'),
(764, 'mewtwo-mega-x', 'Mewtwo Mega X', 23, 1270, '/pokemons/front/764.png'),
(765, 'mewtwo-mega-y', 'Mewtwo Mega Y', 15, 330, '/pokemons/front/765.png'),
(766, 'ampharos-mega', 'Ampharos Mega', 14, 615, '/pokemons/front/766.png'),
(767, 'scizor-mega', 'Scizor Mega', 20, 1250, '/pokemons/front/767.png'),
(768, 'heracross-mega', 'Heracross Mega', 17, 625, '/pokemons/front/768.png'),
(769, 'houndoom-mega', 'Houndoom Mega', 19, 495, '/pokemons/front/769.png'),
(770, 'tyranitar-mega', 'Tyranitar Mega', 25, 2550, '/pokemons/front/770.png'),
(771, 'blaziken-mega', 'Blaziken Mega', 19, 520, '/pokemons/front/771.png'),
(772, 'gardevoir-mega', 'Gardevoir Mega', 16, 484, '/pokemons/front/772.png'),
(773, 'mawile-mega', 'Mawile Mega', 10, 235, '/pokemons/front/773.png'),
(774, 'aggron-mega', 'Aggron Mega', 22, 3950, '/pokemons/front/774.png'),
(775, 'medicham-mega', 'Medicham Mega', 13, 315, '/pokemons/front/775.png'),
(776, 'manectric-mega', 'Manectric Mega', 18, 440, '/pokemons/front/776.png'),
(777, 'banette-mega', 'Banette Mega', 12, 130, '/pokemons/front/777.png'),
(778, 'absol-mega', 'Absol Mega', 12, 490, '/pokemons/front/778.png');
INSERT INTO `pokemons` (`id`, `slug`, `name`, `height`, `weight`, `picture`) VALUES
(779, 'garchomp-mega', 'Garchomp Mega', 19, 950, '/pokemons/front/779.png'),
(780, 'lucario-mega', 'Lucario Mega', 13, 575, '/pokemons/front/780.png'),
(781, 'abomasnow-mega', 'Abomasnow Mega', 27, 1850, '/pokemons/front/781.png'),
(782, 'floette-eternal', 'Floette Eternal', 2, 9, '/pokemons/front/782.png'),
(783, 'latias-mega', 'Latias Mega', 18, 520, '/pokemons/front/783.png'),
(784, 'latios-mega', 'Latios Mega', 23, 700, '/pokemons/front/784.png'),
(785, 'swampert-mega', 'Swampert Mega', 190, 1020, ''),
(786, 'sceptile-mega', 'Sceptile Mega', 190, 552, ''),
(787, 'sableye-mega', 'Sableye Mega', 50, 1610, ''),
(788, 'altaria-mega', 'Altaria Mega', 150, 206, ''),
(789, 'gallade-mega', 'Gallade Mega', 160, 564, ''),
(790, 'audino-mega', 'Audino Mega', 150, 320, ''),
(791, 'sharpedo-mega', 'Sharpedo Mega', 250, 1303, ''),
(792, 'slowbro-mega', 'Slowbro Mega', 200, 1200, ''),
(793, 'steelix-mega', 'Steelix Mega', 1050, 7400, ''),
(794, 'pidgeot-mega', 'Pidgeot Mega', 220, 505, ''),
(795, 'glalie-mega', 'Glalie Mega', 210, 3502, ''),
(796, 'diancie-mega', 'Diancie Mega', 110, 278, ''),
(797, 'metagross-mega', 'Metagross Mega', 250, 9429, ''),
(798, 'kyogre-primal', 'Kyogre Primal', 980, 4300, ''),
(799, 'groudon-primal', 'Groudon Primal', 500, 9997, ''),
(800, 'rayquaza-mega', 'Rayquaza Mega', 1080, 3920, ''),
(801, 'pikachu-rock-star', 'Pikachu Rock Star', 40, 60, ''),
(802, 'pikachu-belle', 'Pikachu Belle', 40, 60, ''),
(803, 'pikachu-pop-star', 'Pikachu Pop Star', 40, 60, ''),
(804, 'pikachu-phd', 'Pikachu Phd', 40, 60, ''),
(805, 'pikachu-libre', 'Pikachu Libre', 40, 60, ''),
(806, 'pikachu-cosplay', 'Pikachu Cosplay', 40, 60, ''),
(807, 'hoopa-unbound', 'Hoopa Unbound', 650, 4900, ''),
(808, 'camerupt-mega', 'Camerupt Mega', 250, 3205, ''),
(809, 'lopunny-mega', 'Lopunny Mega', 130, 283, ''),
(810, 'salamence-mega', 'Salamence Mega', 180, 1126, ''),
(811, 'beedrill-mega', 'Beedrill Mega', 140, 405, '');

-- --------------------------------------------------------

--
-- Table structure for table `pokemons_types`
--

CREATE TABLE `pokemons_types` (
  `id_pokemon` int(11) NOT NULL,
  `id_type` int(11) NOT NULL
) ENGINE=InnoDB DEFAULT CHARSET=utf8;

--
-- Dumping data for table `pokemons_types`
--

INSERT INTO `pokemons_types` (`id_pokemon`, `id_type`) VALUES
(1, 4),
(1, 12),
(2, 4),
(2, 12),
(3, 4),
(3, 12),
(4, 10),
(5, 10),
(6, 3),
(6, 10),
(7, 11),
(8, 11),
(9, 11),
(10, 7),
(11, 7),
(12, 3),
(12, 7),
(13, 4),
(13, 7),
(14, 4),
(14, 7),
(15, 4),
(15, 7),
(16, 1),
(16, 3),
(17, 1),
(17, 3),
(18, 1),
(18, 3),
(19, 1),
(20, 1),
(21, 1),
(21, 3),
(22, 1),
(22, 3),
(23, 4),
(24, 4),
(25, 13),
(26, 13),
(27, 5),
(28, 5),
(29, 4),
(30, 4),
(31, 4),
(31, 5),
(32, 4),
(33, 4),
(34, 4),
(34, 5),
(35, 18),
(36, 18),
(37, 10),
(38, 10),
(39, 1),
(39, 18),
(40, 1),
(40, 18),
(41, 3),
(41, 4),
(42, 3),
(42, 4),
(43, 4),
(43, 12),
(44, 4),
(44, 12),
(45, 4),
(45, 12),
(46, 7),
(46, 12),
(47, 7),
(47, 12),
(48, 4),
(48, 7),
(49, 4),
(49, 7),
(50, 5),
(51, 5),
(52, 1),
(53, 1),
(54, 11),
(55, 11),
(56, 2),
(57, 2),
(58, 10),
(59, 10),
(60, 11),
(61, 11),
(62, 2),
(62, 11),
(63, 14),
(64, 14),
(65, 14),
(66, 2),
(67, 2),
(68, 2),
(69, 4),
(69, 12),
(70, 4),
(70, 12),
(71, 4),
(71, 12),
(72, 4),
(72, 11),
(73, 4),
(73, 11),
(74, 5),
(74, 6),
(75, 5),
(75, 6),
(76, 5),
(76, 6),
(77, 10),
(78, 10),
(79, 11),
(79, 14),
(80, 11),
(80, 14),
(81, 9),
(81, 13),
(82, 9),
(82, 13),
(83, 1),
(83, 3),
(84, 1),
(84, 3),
(85, 1),
(85, 3),
(86, 11),
(87, 11),
(87, 15),
(88, 4),
(89, 4),
(90, 11),
(91, 11),
(91, 15),
(92, 4),
(92, 8),
(93, 4),
(93, 8),
(94, 4),
(94, 8),
(95, 5),
(95, 6),
(96, 14),
(97, 14),
(98, 11),
(99, 11),
(100, 13),
(101, 13),
(102, 12),
(102, 14),
(103, 12),
(103, 14),
(104, 5),
(105, 5),
(106, 2),
(107, 2),
(108, 1),
(109, 4),
(110, 4),
(111, 5),
(111, 6),
(112, 5),
(112, 6),
(113, 1),
(114, 12),
(115, 1),
(116, 11),
(117, 11),
(118, 11),
(119, 11),
(120, 11),
(121, 11),
(121, 14),
(122, 14),
(122, 18),
(123, 3),
(123, 7),
(124, 14),
(124, 15),
(125, 13),
(126, 10),
(127, 7),
(128, 1),
(129, 11),
(130, 3),
(130, 11),
(131, 11),
(131, 15),
(132, 1),
(133, 1),
(134, 11),
(135, 13),
(136, 10),
(137, 1),
(138, 6),
(138, 11),
(139, 6),
(139, 11),
(140, 6),
(140, 11),
(141, 6),
(141, 11),
(142, 3),
(142, 6),
(143, 1),
(144, 3),
(144, 15),
(145, 3),
(145, 13),
(146, 3),
(146, 10),
(147, 16),
(148, 16),
(149, 3),
(149, 16),
(150, 14),
(151, 14),
(152, 12),
(153, 12),
(154, 12),
(155, 10),
(156, 10),
(157, 10),
(158, 11),
(159, 11),
(160, 11),
(161, 1),
(162, 1),
(163, 1),
(163, 3),
(164, 1),
(164, 3),
(165, 3),
(165, 7),
(166, 3),
(166, 7),
(167, 4),
(167, 7),
(168, 4),
(168, 7),
(169, 3),
(169, 4),
(170, 11),
(170, 13),
(171, 11),
(171, 13),
(172, 13),
(173, 18),
(174, 1),
(174, 18),
(175, 18),
(176, 3),
(176, 18),
(177, 3),
(177, 14),
(178, 3),
(178, 14),
(179, 13),
(180, 13),
(181, 13),
(182, 12),
(183, 11),
(183, 18),
(184, 11),
(184, 18),
(185, 6),
(186, 11),
(187, 3),
(187, 12),
(188, 3),
(188, 12),
(189, 3),
(189, 12),
(190, 1),
(191, 12),
(192, 12),
(193, 3),
(193, 7),
(194, 5),
(194, 11),
(195, 5),
(195, 11),
(196, 14),
(197, 17),
(198, 3),
(198, 17),
(199, 11),
(199, 14),
(200, 8),
(201, 14),
(202, 14),
(203, 1),
(203, 14),
(204, 7),
(205, 7),
(205, 9),
(206, 1),
(207, 3),
(207, 5),
(208, 5),
(208, 9),
(209, 18),
(210, 18),
(211, 4),
(211, 11),
(212, 7),
(212, 9),
(213, 6),
(213, 7),
(214, 2),
(214, 7),
(215, 15),
(215, 17),
(216, 1),
(217, 1),
(218, 10),
(219, 6),
(219, 10),
(220, 5),
(220, 15),
(221, 5),
(221, 15),
(222, 6),
(222, 11),
(223, 11),
(224, 11),
(225, 3),
(225, 15),
(226, 3),
(226, 11),
(227, 3),
(227, 9),
(228, 10),
(228, 17),
(229, 10),
(229, 17),
(230, 11),
(230, 16),
(231, 5),
(232, 5),
(233, 1),
(234, 1),
(235, 1),
(236, 2),
(237, 2),
(238, 14),
(238, 15),
(239, 13),
(240, 10),
(241, 1),
(242, 1),
(243, 13),
(244, 10),
(245, 11),
(246, 5),
(246, 6),
(247, 5),
(247, 6),
(248, 6),
(248, 17),
(249, 3),
(249, 14),
(250, 3),
(250, 10),
(251, 12),
(251, 14),
(252, 12),
(253, 12),
(254, 12),
(255, 10),
(256, 2),
(256, 10),
(257, 2),
(257, 10),
(258, 11),
(259, 5),
(259, 11),
(260, 5),
(260, 11),
(261, 17),
(262, 17),
(263, 1),
(264, 1),
(265, 7),
(266, 7),
(267, 3),
(267, 7),
(268, 7),
(269, 4),
(269, 7),
(270, 11),
(270, 12),
(271, 11),
(271, 12),
(272, 11),
(272, 12),
(273, 12),
(274, 12),
(274, 17),
(275, 12),
(275, 17),
(276, 1),
(276, 3),
(277, 1),
(277, 3),
(278, 3),
(278, 11),
(279, 3),
(279, 11),
(280, 14),
(280, 18),
(281, 14),
(281, 18),
(282, 14),
(282, 18),
(283, 7),
(283, 11),
(284, 3),
(284, 7),
(285, 12),
(286, 2),
(286, 12),
(287, 1),
(288, 1),
(289, 1),
(290, 5),
(290, 7),
(291, 3),
(291, 7),
(292, 7),
(292, 8),
(293, 1),
(294, 1),
(295, 1),
(296, 2),
(297, 2),
(298, 1),
(298, 18),
(299, 6),
(300, 1),
(301, 1),
(302, 8),
(302, 17),
(303, 9),
(303, 18),
(304, 6),
(304, 9),
(305, 6),
(305, 9),
(306, 6),
(306, 9),
(307, 2),
(307, 14),
(308, 2),
(308, 14),
(309, 13),
(310, 13),
(311, 13),
(312, 13),
(313, 7),
(314, 7),
(315, 4),
(315, 12),
(316, 4),
(317, 4),
(318, 11),
(318, 17),
(319, 11),
(319, 17),
(320, 11),
(321, 11),
(322, 5),
(322, 10),
(323, 5),
(323, 10),
(324, 10),
(325, 14),
(326, 14),
(327, 1),
(328, 5),
(329, 5),
(329, 16),
(330, 5),
(330, 16),
(331, 12),
(332, 12),
(332, 17),
(333, 1),
(333, 3),
(334, 3),
(334, 16),
(335, 1),
(336, 4),
(337, 6),
(337, 14),
(338, 6),
(338, 14),
(339, 5),
(339, 11),
(340, 5),
(340, 11),
(341, 11),
(342, 11),
(342, 17),
(343, 5),
(343, 14),
(344, 5),
(344, 14),
(345, 6),
(345, 12),
(346, 6),
(346, 12),
(347, 6),
(347, 7),
(348, 6),
(348, 7),
(349, 11),
(350, 11),
(351, 1),
(352, 1),
(353, 8),
(354, 8),
(355, 8),
(356, 8),
(357, 3),
(357, 12),
(358, 14),
(359, 17),
(360, 14),
(361, 15),
(362, 15),
(363, 11),
(363, 15),
(364, 11),
(364, 15),
(365, 11),
(365, 15),
(366, 11),
(367, 11),
(368, 11),
(369, 6),
(369, 11),
(370, 11),
(371, 16),
(372, 16),
(373, 3),
(373, 16),
(374, 9),
(374, 14),
(375, 9),
(375, 14),
(376, 9),
(376, 14),
(377, 6),
(378, 15),
(379, 9),
(380, 14),
(380, 16),
(381, 14),
(381, 16),
(382, 11),
(383, 5),
(384, 3),
(384, 16),
(385, 9),
(385, 14),
(386, 14),
(387, 12),
(388, 12),
(389, 5),
(389, 12),
(390, 10),
(391, 2),
(391, 10),
(392, 2),
(392, 10),
(393, 11),
(394, 11),
(395, 9),
(395, 11),
(396, 1),
(396, 3),
(397, 1),
(397, 3),
(398, 1),
(398, 3),
(399, 1),
(400, 1),
(400, 11),
(401, 7),
(402, 7),
(403, 13),
(404, 13),
(405, 13),
(406, 4),
(406, 12),
(407, 4),
(407, 12),
(408, 6),
(409, 6),
(410, 6),
(410, 9),
(411, 6),
(411, 9),
(412, 7),
(413, 7),
(413, 12),
(414, 3),
(414, 7),
(415, 3),
(415, 7),
(416, 3),
(416, 7),
(417, 13),
(418, 11),
(419, 11),
(420, 12),
(421, 12),
(422, 11),
(423, 5),
(423, 11),
(424, 1),
(425, 3),
(425, 8),
(426, 3),
(426, 8),
(427, 1),
(428, 1),
(429, 8),
(430, 3),
(430, 17),
(431, 1),
(432, 1),
(433, 14),
(434, 4),
(434, 17),
(435, 4),
(435, 17),
(436, 9),
(436, 14),
(437, 9),
(437, 14),
(438, 6),
(439, 14),
(439, 18),
(440, 1),
(441, 1),
(441, 3),
(442, 8),
(442, 17),
(443, 5),
(443, 16),
(444, 5),
(444, 16),
(445, 5),
(445, 16),
(446, 1),
(447, 2),
(448, 2),
(448, 9),
(449, 5),
(450, 5),
(451, 4),
(451, 7),
(452, 4),
(452, 17),
(453, 2),
(453, 4),
(454, 2),
(454, 4),
(455, 12),
(456, 11),
(457, 11),
(458, 3),
(458, 11),
(459, 12),
(459, 15),
(460, 12),
(460, 15),
(461, 15),
(461, 17),
(462, 9),
(462, 13),
(463, 1),
(464, 5),
(464, 6),
(465, 12),
(466, 13),
(467, 10),
(468, 3),
(468, 18),
(469, 3),
(469, 7),
(470, 12),
(471, 15),
(472, 3),
(472, 5),
(473, 5),
(473, 15),
(474, 1),
(475, 2),
(475, 14),
(476, 6),
(476, 9),
(477, 8),
(478, 8),
(478, 15),
(479, 8),
(479, 13),
(480, 14),
(481, 14),
(482, 14),
(483, 9),
(483, 16),
(484, 11),
(484, 16),
(485, 9),
(485, 10),
(486, 1),
(487, 8),
(487, 16),
(488, 14),
(489, 11),
(490, 11),
(491, 17),
(492, 12),
(493, 1),
(494, 10),
(494, 14),
(495, 12),
(496, 12),
(497, 12),
(498, 10),
(499, 2),
(499, 10),
(500, 2),
(500, 10),
(501, 11),
(502, 11),
(503, 11),
(504, 1),
(505, 1),
(506, 1),
(507, 1),
(508, 1),
(509, 17),
(510, 17),
(511, 12),
(512, 12),
(513, 10),
(514, 10),
(515, 11),
(516, 11),
(517, 14),
(518, 14),
(519, 1),
(519, 3),
(520, 1),
(520, 3),
(521, 1),
(521, 3),
(522, 13),
(523, 13),
(524, 6),
(525, 6),
(526, 6),
(527, 3),
(527, 14),
(528, 3),
(528, 14),
(529, 5),
(530, 5),
(530, 9),
(531, 1),
(532, 2),
(533, 2),
(534, 2),
(535, 11),
(536, 5),
(536, 11),
(537, 5),
(537, 11),
(538, 2),
(539, 2),
(540, 7),
(540, 12),
(541, 7),
(541, 12),
(542, 7),
(542, 12),
(543, 4),
(543, 7),
(544, 4),
(544, 7),
(545, 4),
(545, 7),
(546, 12),
(546, 18),
(547, 12),
(547, 18),
(548, 12),
(549, 12),
(550, 11),
(551, 5),
(551, 17),
(552, 5),
(552, 17),
(553, 5),
(553, 17),
(554, 10),
(555, 10),
(556, 12),
(557, 6),
(557, 7),
(558, 6),
(558, 7),
(559, 2),
(559, 17),
(560, 2),
(560, 17),
(561, 3),
(561, 14),
(562, 8),
(563, 8),
(564, 6),
(564, 11),
(565, 6),
(565, 11),
(566, 3),
(566, 6),
(567, 3),
(567, 6),
(568, 4),
(569, 4),
(570, 17),
(571, 17),
(572, 1),
(573, 1),
(574, 14),
(575, 14),
(576, 14),
(577, 14),
(578, 14),
(579, 14),
(580, 3),
(580, 11),
(581, 3),
(581, 11),
(582, 15),
(583, 15),
(584, 15),
(585, 1),
(585, 12),
(586, 1),
(586, 12),
(587, 3),
(587, 13),
(588, 7),
(589, 7),
(589, 9),
(590, 4),
(590, 12),
(591, 4),
(591, 12),
(592, 8),
(592, 11),
(593, 8),
(593, 11),
(594, 11),
(595, 7),
(595, 13),
(596, 7),
(596, 13),
(597, 9),
(597, 12),
(598, 9),
(598, 12),
(599, 9),
(600, 9),
(601, 9),
(602, 13),
(603, 13),
(604, 13),
(605, 14),
(606, 14),
(607, 8),
(607, 10),
(608, 8),
(608, 10),
(609, 8),
(609, 10),
(610, 16),
(611, 16),
(612, 16),
(613, 15),
(614, 15),
(615, 15),
(616, 7),
(617, 7),
(618, 5),
(618, 13),
(619, 2),
(620, 2),
(621, 16),
(622, 5),
(622, 8),
(623, 5),
(623, 8),
(624, 9),
(624, 17),
(625, 9),
(625, 17),
(626, 1),
(627, 1),
(627, 3),
(628, 1),
(628, 3),
(629, 3),
(629, 17),
(630, 3),
(630, 17),
(631, 10),
(632, 7),
(632, 9),
(633, 16),
(633, 17),
(634, 16),
(634, 17),
(635, 16),
(635, 17),
(636, 7),
(636, 10),
(637, 7),
(637, 10),
(638, 2),
(638, 9),
(639, 2),
(639, 6),
(640, 2),
(640, 12),
(641, 3),
(642, 3),
(642, 13),
(643, 10),
(643, 16),
(644, 13),
(644, 16),
(645, 3),
(645, 5),
(646, 15),
(646, 16),
(647, 2),
(647, 11),
(648, 1),
(648, 14),
(649, 7),
(649, 9),
(650, 12),
(651, 12),
(652, 2),
(652, 12),
(653, 10),
(654, 10),
(655, 10),
(655, 14),
(656, 11),
(657, 11),
(658, 11),
(658, 17),
(659, 1),
(660, 1),
(660, 5),
(661, 1),
(661, 3),
(662, 3),
(662, 10),
(663, 3),
(663, 10),
(664, 7),
(665, 7),
(666, 3),
(666, 7),
(667, 1),
(667, 10),
(668, 1),
(668, 10),
(669, 18),
(670, 18),
(671, 18),
(672, 12),
(673, 12),
(674, 2),
(675, 2),
(675, 17),
(676, 1),
(677, 14),
(678, 14),
(679, 8),
(679, 9),
(680, 8),
(680, 9),
(681, 8),
(681, 9),
(682, 18),
(683, 18),
(684, 18),
(685, 18),
(686, 14),
(686, 17),
(687, 14),
(687, 17),
(688, 6),
(688, 11),
(689, 6),
(689, 11),
(690, 4),
(690, 11),
(691, 4),
(691, 16),
(692, 11),
(693, 11),
(694, 1),
(694, 13),
(695, 1),
(695, 13),
(696, 6),
(696, 16),
(697, 6),
(697, 16),
(698, 6),
(698, 15),
(699, 6),
(699, 15),
(700, 18),
(701, 2),
(701, 3),
(702, 13),
(702, 18),
(703, 6),
(703, 18),
(704, 16),
(705, 16),
(706, 16),
(707, 9),
(707, 18),
(708, 8),
(708, 12),
(709, 8),
(709, 12),
(710, 8),
(710, 12),
(711, 8),
(711, 12),
(712, 15),
(713, 15),
(714, 3),
(714, 16),
(715, 3),
(715, 16),
(716, 18),
(717, 3),
(717, 17),
(718, 5),
(718, 16),
(719, 6),
(719, 18),
(720, 8),
(720, 14),
(721, 10),
(721, 11),
(722, 14),
(723, 14),
(724, 14),
(725, 5),
(725, 7),
(726, 7),
(726, 9),
(727, 3),
(727, 12),
(728, 8),
(728, 16),
(729, 10),
(729, 13),
(730, 11),
(730, 13),
(731, 13),
(731, 15),
(732, 3),
(732, 13),
(733, 12),
(733, 13),
(734, 10),
(735, 11),
(736, 15),
(737, 11),
(738, 10),
(738, 14),
(739, 1),
(739, 2),
(740, 3),
(741, 3),
(741, 13),
(742, 3),
(742, 5),
(743, 15),
(743, 16),
(744, 15),
(744, 16),
(745, 2),
(745, 11),
(746, 14),
(747, 8),
(747, 9),
(748, 8),
(748, 12),
(749, 8),
(749, 12),
(750, 8),
(750, 12),
(751, 8),
(751, 12),
(752, 8),
(752, 12),
(753, 8),
(753, 12),
(754, 4),
(754, 12),
(755, 10),
(755, 16),
(756, 3),
(756, 10),
(757, 11),
(758, 14),
(759, 4),
(759, 8),
(760, 1),
(761, 3),
(761, 7),
(762, 11),
(762, 17),
(763, 3),
(763, 6),
(764, 2),
(764, 14),
(765, 14),
(766, 13),
(766, 16),
(767, 7),
(767, 9),
(768, 2),
(768, 7),
(769, 10),
(769, 17),
(770, 6),
(770, 17),
(771, 2),
(771, 10),
(772, 14),
(772, 18),
(773, 9),
(773, 18),
(774, 9),
(775, 2),
(775, 14),
(776, 13),
(777, 8),
(778, 17),
(779, 5),
(779, 16),
(780, 2),
(780, 9),
(781, 12),
(781, 15),
(782, 18),
(783, 14),
(783, 16),
(784, 14),
(784, 16),
(785, 5),
(785, 11),
(786, 12),
(786, 16),
(787, 8),
(787, 17),
(788, 16),
(788, 18),
(789, 2),
(789, 14),
(790, 1),
(790, 18),
(791, 11),
(791, 17),
(792, 11),
(792, 14),
(793, 5),
(793, 9),
(794, 1),
(794, 3),
(795, 15),
(796, 6),
(796, 18),
(797, 9),
(797, 14),
(798, 11),
(799, 5),
(799, 10),
(800, 3),
(800, 16),
(801, 13),
(802, 13),
(803, 13),
(804, 13),
(805, 13),
(806, 13),
(807, 14),
(807, 17),
(808, 5),
(808, 10),
(809, 1),
(809, 2),
(810, 3),
(810, 16),
(811, 4),
(811, 7);

-- --------------------------------------------------------

--
-- Table structure for table `types`
--

CREATE TABLE `types` (
  `id` int(11) NOT NULL,
  `slug` varchar(60) NOT NULL,
  `name` varchar(60) NOT NULL
) ENGINE=InnoDB DEFAULT CHARSET=utf8;

--
-- Dumping data for table `types`
--

INSERT INTO `types` (`id`, `slug`, `name`) VALUES
(1, 'normal', 'Normal'),
(2, 'fighting', 'Fighting'),
(3, 'flying', 'Flying'),
(4, 'poison', 'Poison'),
(5, 'ground', 'Ground'),
(6, 'rock', 'Rock'),
(7, 'bug', 'Bug'),
(8, 'ghost', 'Ghost'),
(9, 'steel', 'Steel'),
(10, 'fire', 'Fire'),
(11, 'water', 'Water'),
(12, 'grass', 'Grass'),
(13, 'electric', 'Electric'),
(14, 'psychic', 'Psychic'),
(15, 'ice', 'Ice'),
(16, 'dragon', 'Dragon'),
(17, 'dark', 'Dark'),
(18, 'fairy', 'Fairy'),
(19, 'unknown', 'Unknown'),
(20, 'shadow', 'Shadow');

--
-- Indexes for dumped tables
--

--
-- Indexes for table `pokemons`
--
ALTER TABLE `pokemons`
  ADD PRIMARY KEY (`id`);

--
-- Indexes for table `pokemons_types`
--
ALTER TABLE `pokemons_types`
  ADD PRIMARY KEY (`id_pokemon`,`id_type`);

--
-- Indexes for table `types`
--
ALTER TABLE `types`
  ADD PRIMARY KEY (`id`);

--
-- AUTO_INCREMENT for dumped tables
--

--
-- AUTO_INCREMENT for table `pokemons`
--
ALTER TABLE `pokemons`
  MODIFY `id` int(11) NOT NULL AUTO_INCREMENT, AUTO_INCREMENT=2434;
--
-- AUTO_INCREMENT for table `types`
--
ALTER TABLE `types`
  MODIFY `id` int(11) NOT NULL AUTO_INCREMENT, AUTO_INCREMENT=21;
/*!40101 SET CHARACTER_SET_CLIENT=@OLD_CHARACTER_SET_CLIENT */;
/*!40101 SET CHARACTER_SET_RESULTS=@OLD_CHARACTER_SET_RESULTS */;
/*!40101 SET COLLATION_CONNECTION=@OLD_COLLATION_CONNECTION */;
